User ID,Device Model,Operating System,App Usage Time (min/day),Screen On Time (hours/day),Battery Drain (mAh/day),Number of Apps Installed,Data Usage (MB/day),Age,Gender,User Behavior Class,Cluster,PCA1,PCA2
1,Google Pixel 5,Android,393,6.4,1872,67,1122,40,Male,4,1,1.0685152738916537,0.12186930362689494
2,OnePlus 9,Android,268,4.7,1331,42,944,47,Female,3,1,-0.3301641408427695,0.7106502906817818
3,Xiaomi Mi 11,Android,154,4.0,761,32,322,42,Male,2,2,-1.6322701898531116,0.30396395745822624
4,Google Pixel 5,Android,239,4.8,1676,56,871,20,Male,3,1,-0.024813847953557774,-1.5429175194481553
5,iPhone 12,iOS,187,4.3,1367,58,988,31,Female,3,1,-0.28141322457956247,-0.6247180077123465
6,Google Pixel 5,Android,99,2.0,940,35,564,31,Male,2,0,-1.750480136664632,-0.6222494032366155
7,Samsung Galaxy S21,Android,350,7.3,1802,66,1054,21,Female,4,1,0.9836416066931707,-1.4555769870289272
8,OnePlus 9,Android,543,11.4,2956,82,1702,31,Male,5,3,3.4208111668944783,-0.6291300067371465
9,Samsung Galaxy S21,Android,340,7.7,2138,75,1053,42,Female,4,1,1.3553337103539096,0.2900905126736242
10,iPhone 12,iOS,424,6.6,1957,75,1301,42,Male,4,1,1.4805840755839248,0.28605918129984387
11,Google Pixel 5,Android,53,1.4,435,17,162,34,Female,1,0,-2.808643688514475,-0.3640453065749492
12,OnePlus 9,Android,215,5.5,1690,47,641,24,Male,3,1,-0.28409705299703647,-1.205070227044391
13,OnePlus 9,Android,462,6.2,2303,65,1099,57,Female,4,1,1.4055012472223845,1.5312152572538582
14,Xiaomi Mi 11,Android,215,4.9,1662,43,857,43,Male,3,1,-0.29875603762080755,0.3751898377147148
15,iPhone 12,iOS,189,5.4,1754,53,779,49,Female,3,1,-0.1273527404954921,0.8752385704546205
16,Google Pixel 5,Android,503,10.4,2571,84,2025,39,Female,5,3,3.2220947514816047,0.037258731102904466
17,OnePlus 9,Android,132,3.6,628,32,344,47,Female,2,2,-1.8026149473406163,0.7208210780409741
18,iPhone 12,iOS,299,5.8,1431,41,985,44,Female,3,1,-0.025452808833094767,0.4630275728376268
19,Google Pixel 5,Android,81,1.4,558,16,297,26,Female,1,0,-2.5955083337818494,-1.032750359436306
20,iPhone 12,iOS,577,8.5,2774,89,2192,29,Female,5,3,3.440082764792416,-0.8073350625308836
21,Samsung Galaxy S21,Android,93,2.6,681,37,302,45,Female,2,2,-1.9646519625597991,0.5501559519935092
22,OnePlus 9,Android,576,11.6,2803,82,1553,43,Female,5,3,3.3496991839224264,0.37313488116160276
23,Samsung Galaxy S21,Android,423,6.5,2094,65,1372,23,Female,4,1,1.4162087712736269,-1.297723670331811
24,Google Pixel 5,Android,292,5.6,1401,46,949,37,Female,3,1,-0.0323558620013442,-0.12068037538964858
25,OnePlus 9,Android,216,4.0,1711,59,748,58,Male,3,1,-0.20585805315725575,1.619418770116948
26,Samsung Galaxy S21,Android,91,3.4,1073,38,451,52,Male,2,2,-1.5165926270542804,1.1306160151227516
27,iPhone 12,iOS,444,7.6,2372,77,1002,29,Male,4,1,1.726952085272906,-0.7974172772893598
28,Google Pixel 5,Android,512,10.5,2409,89,1599,33,Male,5,3,2.9571080607334386,-0.4590341037645212
29,OnePlus 9,Android,452,6.8,2387,77,1456,55,Female,4,1,1.9603772003934425,1.363080036254117
30,Samsung Galaxy S21,Android,412,6.2,1899,78,1384,19,Female,4,1,1.4614739064163926,-1.6309348333539706
31,Xiaomi Mi 11,Android,260,6.0,1361,44,889,37,Female,3,1,-0.1519117130842132,-0.11781377140732965
32,Xiaomi Mi 11,Android,197,4.6,1660,59,975,25,Male,3,1,-0.045814716913089665,-1.127154422250576
33,Google Pixel 5,Android,278,4.7,1484,55,917,21,Male,3,1,-0.030209427112536626,-1.458291831722745
34,Google Pixel 5,Android,46,2.0,457,14,105,58,Male,1,2,-2.8099441052089724,1.6375642760403046
35,Xiaomi Mi 11,Android,593,10.2,2499,81,1616,38,Female,5,3,3.0478394926950165,-0.04509679256516718
36,Samsung Galaxy S21,Android,32,1.2,580,19,153,20,Female,1,0,-2.7882645736550824,-1.5325187763835875
37,iPhone 12,iOS,122,3.3,755,30,573,26,Male,2,0,-1.6822594964832085,-1.031574900471002
38,Samsung Galaxy S21,Android,522,11.2,2808,93,2328,24,Male,5,3,3.872599469238715,-1.214678391050568
39,OnePlus 9,Android,473,6.4,2312,74,1400,40,Male,4,1,1.8214577826811995,0.11341854325842413
40,Samsung Galaxy S21,Android,398,6.2,1851,77,1180,23,Male,4,1,1.2427046678620794,-1.296000826401963
41,Xiaomi Mi 11,Android,240,4.7,1464,52,708,56,Female,3,1,-0.3230218150536139,1.458970472210027
42,OnePlus 9,Android,576,10.1,2447,83,2323,33,Male,5,3,3.483771434437574,-0.4642753056965874
43,Samsung Galaxy S21,Android,120,2.1,720,39,392,43,Male,2,2,-1.852629882588317,0.380297377053655
44,Samsung Galaxy S21,Android,152,3.7,993,32,429,18,Male,2,0,-1.4862087593662476,-1.69940488684604
45,Xiaomi Mi 11,Android,138,2.4,837,21,572,56,Female,2,2,-1.8706330822637187,1.463729917481216
46,Xiaomi Mi 11,Android,502,10.9,2476,96,1935,39,Male,5,3,3.377829949024043,0.03929866495406822
47,OnePlus 9,Android,558,8.4,2447,97,1594,22,Female,5,3,2.9150592867160166,-1.3848359379373762
48,Samsung Galaxy S21,Android,138,3.6,889,25,323,27,Female,2,0,-1.7808572425558529,-0.9474414273769681
49,Google Pixel 5,Android,580,8.2,2623,90,2262,49,Male,5,3,3.3917072067694765,0.8588275446129493
50,OnePlus 9,Android,589,8.7,2736,82,1997,49,Male,5,3,3.2324292335395097,0.86114155770249
51,Xiaomi Mi 11,Android,452,7.4,2180,61,1417,54,Female,4,1,1.6408464528568234,1.286406382104308
52,Xiaomi Mi 11,Android,245,5.9,1243,52,885,29,Male,3,1,-0.1408372022413532,-0.7837344245858363
53,Samsung Galaxy S21,Android,125,2.7,690,28,393,27,Female,2,0,-1.9555584731357585,-0.948718772393588
54,Xiaomi Mi 11,Android,97,2.2,1101,38,375,53,Male,2,2,-1.7134639308515909,1.2094637645889463
55,Google Pixel 5,Android,516,8.7,2857,83,2189,53,Female,5,3,3.2645060668465824,1.1929567243726618
56,iPhone 12,iOS,68,1.6,450,14,111,30,Male,1,0,-2.8196071502252877,-0.6963430751304677
57,OnePlus 9,Android,64,1.1,572,10,161,42,Female,1,2,-2.8645980318842263,0.3001649226967453
58,OnePlus 9,Android,539,8.4,2796,89,2415,26,Male,5,3,3.4950437836315578,-1.058249598249084
59,Xiaomi Mi 11,Android,428,7.0,2306,75,1144,22,Male,4,1,1.6260540132952117,-1.381991481281942
60,iPhone 12,iOS,325,7.1,2269,64,1053,56,Male,4,1,1.1221486053392629,1.4538543571300298
61,Xiaomi Mi 11,Android,522,11.9,2798,85,1663,28,Female,5,3,3.376092651674756,-0.8751420095631257
62,Xiaomi Mi 11,Android,309,7.5,2292,77,1253,57,Female,4,1,1.5078554312141903,1.5362601263619637
63,Xiaomi Mi 11,Android,79,1.9,493,14,128,55,Male,1,2,-2.706035038210983,1.3863161772317676
64,Xiaomi Mi 11,Android,545,11.5,2911,87,1717,21,Female,5,3,3.506808151625535,-1.4617944277395976
65,Samsung Galaxy S21,Android,459,7.0,1982,67,1091,43,Male,4,1,1.3628089652706372,0.37177029798671096
66,iPhone 12,iOS,225,4.0,1420,48,917,56,Male,3,1,-0.40891793037177904,1.4567392846120286
67,iPhone 12,iOS,257,4.5,1705,57,912,55,Male,3,1,0.04726558792313372,1.3703594376668151
68,Xiaomi Mi 11,Android,134,4.0,773,35,449,28,Female,2,0,-1.5421047966830255,-0.8628700117796982
69,iPhone 12,iOS,516,10.2,2932,98,1547,31,Male,5,3,3.3231704291182633,-0.6338986178194089
70,Google Pixel 5,Android,82,1.7,558,16,284,29,Female,1,0,-2.557444381678466,-0.7817446681849711
71,Samsung Galaxy S21,Android,452,7.2,1808,64,1090,45,Female,4,1,1.2288371867237768,0.5416325280363127
72,iPhone 12,iOS,521,9.0,2902,97,1701,37,Male,5,3,3.2361152832516997,-0.13873331608734385
73,Google Pixel 5,Android,457,6.3,2347,66,1082,22,Male,4,1,1.4271111834178136,-1.384181885019252
74,Xiaomi Mi 11,Android,31,1.1,585,11,208,50,Female,1,2,-2.8897592997360944,0.9665122349711889
75,iPhone 12,iOS,47,2.0,476,14,125,39,Male,1,2,-2.7881681721853453,0.054665645742076274
76,Xiaomi Mi 11,Android,229,5.7,1305,43,985,23,Female,3,1,-0.258689875574275,-1.2841759808783186
77,Xiaomi Mi 11,Android,34,2.0,558,14,122,54,Female,1,2,-2.774314949391268,1.303261884665858
78,Google Pixel 5,Android,173,2.5,678,29,301,30,Female,2,0,-1.915991089742868,-0.6998215186852043
79,Samsung Galaxy S21,Android,78,1.8,333,17,138,51,Female,1,2,-2.754958968769416,1.0543705032593225
80,Google Pixel 5,Android,230,5.7,1254,52,989,34,Female,3,1,-0.1285730926822861,-0.36835480140663374
81,OnePlus 9,Android,565,10.6,2475,99,1603,51,Female,5,3,3.316157120950466,1.0379237565142752
82,iPhone 12,iOS,172,2.8,1035,22,549,41,Male,2,2,-1.620973280973035,0.21287388639467833
83,Xiaomi Mi 11,Android,330,7.2,2363,77,1133,21,Female,4,1,1.4634959408109611,-1.4640290196358785
84,Xiaomi Mi 11,Android,39,1.8,368,11,105,19,Male,1,0,-2.9658521203625003,-1.6100748792026236
85,Google Pixel 5,Android,223,4.5,1311,56,695,33,Female,3,1,-0.42756476484947087,-0.4557742570634404
86,Google Pixel 5,Android,404,7.4,2081,63,1352,44,Male,4,1,1.4505814189031703,0.45542200119642146
87,Samsung Galaxy S21,Android,151,2.4,1003,25,392,39,Male,2,2,-1.8094653842648944,0.045866730866716776
88,Samsung Galaxy S21,Android,34,1.5,345,11,276,44,Male,1,2,-2.909711855651172,0.47079012324752745
89,Xiaomi Mi 11,Android,137,3.3,839,31,348,34,Female,2,0,-1.7354528632111152,-0.3656202966981479
90,Samsung Galaxy S21,Android,301,6.2,2053,75,1303,45,Male,4,1,1.165310540354757,0.5350702489325658
91,Google Pixel 5,Android,116,2.1,912,39,307,40,Female,2,2,-1.8173345041695743,0.12850008555212925
92,Google Pixel 5,Android,291,4.1,1474,46,827,32,Female,3,1,-0.2995449761672387,-0.5429285848161275
93,iPhone 12,iOS,84,1.4,501,16,284,56,Female,1,2,-2.6201951451815018,1.4667474826492761
94,iPhone 12,iOS,134,2.5,1125,24,367,35,Male,2,0,-1.8061862101980586,-0.287969200120508
95,Samsung Galaxy S21,Android,411,7.5,2169,72,1083,58,Male,4,1,1.498156057479644,1.6208677983550033
96,Xiaomi Mi 11,Android,326,7.2,2243,73,1454,50,Male,4,1,1.551245460577406,0.9520628998604226
97,iPhone 12,iOS,550,9.5,2916,91,1946,20,Male,5,3,3.4556370742439904,-1.5538711533185576
98,OnePlus 9,Android,516,12.0,2406,82,1968,28,Female,5,3,3.32227819962545,-0.8708901621081936
99,Google Pixel 5,Android,59,1.2,361,18,293,25,Female,1,0,-2.7580533530077105,-1.114258839149665
100,OnePlus 9,Android,225,5.5,1526,44,875,50,Female,3,1,-0.2294218374812572,0.9617379035896669
101,Google Pixel 5,Android,41,1.1,389,15,136,53,Male,1,2,-2.9542839136314556,1.2184993788976755
102,OnePlus 9,Android,183,4.1,1210,45,738,19,Male,3,0,-0.799593873572928,-1.6204947203304723
103,Google Pixel 5,Android,174,2.5,929,37,565,32,Female,2,0,-1.4592785572985219,-0.5383087381511003
104,Xiaomi Mi 11,Android,274,4.2,1781,52,934,28,Male,3,1,0.013086963118067075,-0.8803487884473873
105,Xiaomi Mi 11,Android,166,2.8,1113,28,360,25,Male,2,0,-1.6288261049341035,-1.1205361227228952
106,Xiaomi Mi 11,Android,66,1.2,585,12,264,36,Male,1,0,-2.7347193748326593,-0.20007676471927702
107,Google Pixel 5,Android,152,2.7,642,38,596,55,Male,2,2,-1.598816188473507,1.381720177232218
108,Google Pixel 5,Android,54,1.4,403,17,278,23,Female,1,0,-2.746132665921539,-1.2803870474535446
109,Xiaomi Mi 11,Android,187,5.5,1754,55,711,50,Female,3,1,-0.1314167999771469,0.9589907859390755
110,OnePlus 9,Android,216,6.0,1641,41,889,39,Female,3,1,-0.15948535751504267,0.046323467911112914
111,OnePlus 9,Android,95,3.8,718,26,459,41,Female,2,2,-1.8396786600003168,0.22139153251341617
112,Xiaomi Mi 11,Android,488,8.6,2447,84,2344,19,Male,5,3,3.0695299727126186,-1.6347487799205485
113,Google Pixel 5,Android,295,5.1,1483,45,748,27,Female,3,1,-0.21138836047651616,-0.9554959614380202
114,Samsung Galaxy S21,Android,136,3.2,818,33,404,42,Male,2,2,-1.689838070956745,0.30017361590438846
115,Xiaomi Mi 11,Android,471,7.9,2156,76,1324,54,Female,4,1,1.9340107497333612,1.2869788231925041
116,iPhone 12,iOS,121,3.2,651,34,596,39,Male,2,2,-1.6703571164936637,0.05161435473633166
117,iPhone 12,iOS,75,1.2,409,13,281,18,Male,1,0,-2.7846293811889162,-1.697520793254558
118,iPhone 12,iOS,220,5.2,1631,49,909,27,Female,3,1,-0.12761565668122055,-0.9569900067105961
119,Samsung Galaxy S21,Android,82,1.6,590,13,124,28,Female,1,0,-2.715623597623549,-0.8647779924964097
120,Google Pixel 5,Android,97,2.7,1018,37,428,41,Male,2,2,-1.6690889025485642,0.21265124078155703
121,Samsung Galaxy S21,Android,388,6.6,2085,71,1150,45,Female,4,1,1.2889828214065373,0.5359774851205178
122,OnePlus 9,Android,529,8.7,2484,89,2189,39,Female,5,3,3.1893579293583727,0.030546635589844988
123,Google Pixel 5,Android,584,10.0,2541,99,2391,49,Female,5,3,3.858676081580791,0.8647410875415368
124,Google Pixel 5,Android,529,8.1,2686,96,1924,35,Male,5,3,3.1442620539356447,-0.3068995266250243
125,Google Pixel 5,Android,227,5.1,1702,57,714,21,Male,3,1,-0.089158636520934,-1.458126599444925
126,Samsung Galaxy S21,Android,535,11.8,2858,99,2378,50,Male,5,3,4.1618477618639265,0.9514441293614052
127,iPhone 12,iOS,332,7.4,2149,68,1321,20,Female,4,1,1.3607622956159335,-1.543830150211325
128,Google Pixel 5,Android,252,4.2,1439,45,667,50,Female,3,1,-0.5257594808896258,0.9584816531579358
129,Xiaomi Mi 11,Android,125,2.5,678,34,465,31,Male,2,0,-1.8404396534409146,-0.617091590202459
130,Xiaomi Mi 11,Android,97,3.3,751,39,412,36,Female,2,0,-1.7069349881532851,-0.19854589986395113
131,Google Pixel 5,Android,540,10.8,2923,90,1886,40,Male,5,3,3.570754772617677,0.11711681427235147
132,Xiaomi Mi 11,Android,320,7.2,2056,69,1226,52,Female,4,1,1.2095166404683402,1.1224209225115325
133,Google Pixel 5,Android,176,3.6,1193,30,458,40,Female,2,2,-1.3378129743578993,0.13000087457704
134,Samsung Galaxy S21,Android,79,1.0,313,18,139,42,Male,1,2,-2.8650790663935526,0.30195295853434095
135,Xiaomi Mi 11,Android,83,1.6,303,19,285,51,Male,1,2,-2.6526855617145872,1.0530950144099311
136,iPhone 12,iOS,555,11.3,2528,90,1856,55,Female,5,3,3.4485309858792235,1.3730425404128497
137,Samsung Galaxy S21,Android,66,1.7,375,16,216,39,Male,1,2,-2.742702455851917,0.05393067051331035
138,Xiaomi Mi 11,Android,237,4.5,1368,42,868,24,Female,3,1,-0.4763945246095649,-1.2054981881785094
139,Samsung Galaxy S21,Android,497,9.7,2876,94,2076,18,Male,5,3,3.4681186355808236,-1.7193735212465546
140,Google Pixel 5,Android,516,11.1,2429,91,1796,53,Male,5,3,3.240843298161984,1.2076393756581691
141,Xiaomi Mi 11,Android,219,5.2,1510,42,655,50,Female,3,1,-0.4829385042242797,0.962088745458019
142,Google Pixel 5,Android,448,6.3,2044,71,1337,51,Male,4,1,1.5060474078885844,1.033497420531851
143,iPhone 12,iOS,156,2.2,896,37,429,57,Female,2,2,-1.6543742560525811,1.544169106852089
144,Samsung Galaxy S21,Android,68,1.1,528,12,201,29,Male,1,0,-2.820974331162693,-0.7825569324600913
145,iPhone 12,iOS,524,11.2,2417,90,2069,29,Female,5,3,3.435375193113242,-0.7920510501012991
146,iPhone 12,iOS,188,5.3,1281,45,974,35,Male,3,1,-0.4052175706525381,-0.2854028360273762
147,Samsung Galaxy S21,Android,443,7.4,2289,73,1026,33,Male,4,1,1.6009027317163003,-0.4636055631353772
148,Xiaomi Mi 11,Android,52,1.6,385,19,234,24,Male,1,0,-2.7288347798541266,-1.1961559886776072
149,OnePlus 9,Android,228,4.2,1677,58,823,56,Male,3,1,-0.1300895338516982,1.4535900610561208
150,Google Pixel 5,Android,149,3.7,873,34,459,51,Male,2,2,-1.4967049670428458,1.0504212491847589
151,iPhone 12,iOS,523,9.4,2583,92,1539,21,Male,5,3,2.925041163280001,-1.4648811494385607
152,Samsung Galaxy S21,Android,42,1.6,315,19,207,52,Female,1,2,-2.803818904080882,1.1371590961548765
153,Google Pixel 5,Android,120,2.0,741,38,396,56,Female,2,2,-1.8661466074097242,1.4625828846543583
154,OnePlus 9,Android,329,7.5,2277,72,1185,27,Female,4,1,1.4120079559109675,-0.9617943547989479
155,Xiaomi Mi 11,Android,68,1.5,364,10,102,31,Female,1,0,-2.95385257357681,-0.6118861223572374
156,Xiaomi Mi 11,Android,158,3.4,893,36,493,32,Male,2,0,-1.4548557466864445,-0.5339692307864554
157,Xiaomi Mi 11,Android,86,1.7,439,19,136,54,Male,1,2,-2.6585148719061547,1.302271658203357
158,Xiaomi Mi 11,Android,339,7.8,2102,71,1062,51,Male,4,1,1.2896965182476974,1.0409448081233017
159,Samsung Galaxy S21,Android,304,6.5,2375,79,1493,51,Male,4,1,1.5928922863498465,1.0307036292832932
160,Xiaomi Mi 11,Android,131,2.4,859,26,305,40,Male,2,2,-1.982406545233561,0.1314576263353703
161,Samsung Galaxy S21,Android,64,1.6,540,19,262,35,Female,1,0,-2.59121885424262,-0.28210916902159505
162,Xiaomi Mi 11,Android,53,1.9,526,15,112,42,Male,1,2,-2.751733703355858,0.3034338748120773
163,Google Pixel 5,Android,442,7.7,2067,69,1440,45,Male,4,1,1.7441122162851574,0.5383929717559133
164,iPhone 12,iOS,32,2.0,469,18,139,22,Male,1,0,-2.758216496595691,-1.3615173078227676
165,Xiaomi Mi 11,Android,278,4.8,1238,48,851,43,Female,3,1,-0.3068126958929089,0.3785632345652128
166,Xiaomi Mi 11,Android,540,8.4,2993,98,1540,49,Female,5,3,3.1548205399882017,0.8578080130583409
167,Google Pixel 5,Android,595,11.3,2968,88,2366,30,Male,5,3,4.104488700961816,-0.7171582865045341
168,Google Pixel 5,Android,35,1.5,467,10,158,58,Male,1,2,-2.935106418017535,1.6360058589621562
169,Google Pixel 5,Android,225,5.4,1370,44,791,55,Female,3,1,-0.38634435227810654,1.380097128129942
170,Google Pixel 5,Android,587,11.8,2431,90,1894,47,Male,5,3,3.573639042814041,0.7090693354698059
171,Xiaomi Mi 11,Android,92,3.7,1124,27,524,44,Male,2,2,-1.5770176955747222,0.46562392765381455
172,Google Pixel 5,Android,46,1.1,487,17,208,23,Male,1,0,-2.812675630396242,-1.282082973196419
173,OnePlus 9,Android,153,2.8,935,25,578,37,Female,2,0,-1.6548989895505763,-0.11926397398079591
174,iPhone 12,iOS,368,6.6,1817,72,1406,27,Female,4,1,1.2808767641559506,-0.9609491931578679
175,Xiaomi Mi 11,Android,51,1.6,509,11,113,29,Female,1,0,-2.879197266634495,-0.7797893582407971
176,Google Pixel 5,Android,279,5.2,1660,47,629,50,Female,3,1,-0.1835284297429433,0.9589661061494137
177,Xiaomi Mi 11,Android,255,5.4,1738,42,826,21,Male,3,1,-0.12681550219048868,-1.4567022046917024
178,Samsung Galaxy S21,Android,193,5.7,1471,51,972,31,Female,3,1,-0.13272206790420396,-0.6201641688499742
179,Xiaomi Mi 11,Android,207,5.7,1582,52,692,38,Male,3,1,-0.2120542554626526,-0.03758305173681051
180,iPhone 12,iOS,539,11.9,2853,83,2007,55,Male,5,3,3.6616075094579044,1.371615952924587
181,OnePlus 9,Android,151,2.4,1124,38,571,33,Male,2,0,-1.404282892828439,-0.457558072586527
182,Google Pixel 5,Android,474,6.4,2109,68,1079,24,Male,4,1,1.3861783498398654,-1.214787764657595
183,iPhone 12,iOS,544,9.2,2936,83,2416,47,Female,5,3,3.607410031613771,0.6926810334292199
184,iPhone 12,iOS,73,1.2,308,15,275,39,Female,1,2,-2.8103171432143066,0.052696248272873274
185,Xiaomi Mi 11,Android,597,10.4,2984,91,1564,34,Female,5,3,3.4821224765007943,-0.38438595595016517
186,Google Pixel 5,Android,498,10.7,2738,94,1995,42,Male,5,3,3.4911036001825315,0.2852878978757078
187,iPhone 12,iOS,402,7.8,2014,79,1088,34,Female,4,1,1.547859913673956,-0.37585782785718497
188,OnePlus 9,Android,75,1.1,379,15,185,37,Male,1,0,-2.843866577481732,-0.11476161971252183
189,iPhone 12,iOS,130,2.0,602,21,589,30,Female,2,0,-2.0730295102117666,-0.7004349492033479
190,Samsung Galaxy S21,Android,42,1.1,402,11,265,32,Female,1,0,-2.9273538325385635,-0.5309350542206055
191,iPhone 12,iOS,134,2.2,917,23,423,23,Male,2,0,-1.9448482880961542,-1.2861679049027521
192,Google Pixel 5,Android,79,1.9,477,13,161,24,Male,1,0,-2.7167723259728542,-1.1956039673471854
193,iPhone 12,iOS,432,7.2,1822,63,1127,59,Female,4,1,1.1985274875112573,1.7078033350151025
194,iPhone 12,iOS,262,4.1,1287,52,997,36,Male,3,1,-0.2566547269576555,-0.20845062835231123
195,Samsung Galaxy S21,Android,473,6.4,2109,79,1300,23,Female,4,1,1.7197037282712464,-1.3002186020016462
196,Google Pixel 5,Android,202,4.7,1512,49,659,45,Female,3,1,-0.4798527367728747,0.5432442054698485
197,OnePlus 9,Android,215,4.4,1407,41,991,47,Male,3,1,-0.4506660978621138,0.7093068618970206
198,OnePlus 9,Android,151,3.7,1116,32,320,41,Female,2,2,-1.4908557819331485,0.21531626114785807
199,OnePlus 9,Android,80,1.6,549,14,197,19,Male,1,0,-2.678274964152237,-1.614308600557914
200,Xiaomi Mi 11,Android,126,2.8,971,32,431,35,Female,2,0,-1.6895025935311914,-0.28604903217999333
201,Samsung Galaxy S21,Android,495,8.9,2920,84,2252,31,Female,5,3,3.3294547741411145,-0.6396118526907568
202,iPhone 12,iOS,127,3.7,1153,35,314,37,Female,2,0,-1.4866865511278617,-0.11826870575396162
203,Xiaomi Mi 11,Android,88,1.3,327,11,262,22,Male,1,0,-2.827418281714338,-1.362873162979899
204,Google Pixel 5,Android,69,1.6,463,16,146,27,Male,1,0,-2.753189687277489,-0.9467639822089935
205,OnePlus 9,Android,100,3.3,961,21,433,25,Male,2,0,-1.8723378439497975,-1.1154737458760136
206,Xiaomi Mi 11,Android,301,6.5,2084,71,1421,29,Male,4,1,1.237009664623436,-0.796971396784837
207,Google Pixel 5,Android,78,1.7,455,15,207,37,Female,1,0,-2.6918967700244196,-0.11365191738010365
208,Google Pixel 5,Android,163,3.1,620,21,419,23,Male,2,0,-1.9388354981425506,-1.279473395597766
209,OnePlus 9,Android,539,9.3,2606,92,1990,41,Male,5,3,3.2815311518398658,0.19819187721001744
210,Google Pixel 5,Android,278,4.6,1385,47,823,40,Female,3,1,-0.29232481642785796,0.1264006281063765
211,Samsung Galaxy S21,Android,451,6.1,2108,76,1434,25,Female,4,1,1.663134004702031,-1.1346309658383644
212,Samsung Galaxy S21,Android,481,10.9,2752,86,2017,18,Male,5,3,3.360573987360836,-1.7121613647424507
213,Samsung Galaxy S21,Android,133,3.4,714,38,445,25,Male,2,0,-1.6180693217062392,-1.1145014903193482
214,Xiaomi Mi 11,Android,41,1.1,588,10,246,22,Male,1,0,-2.8604900460499367,-1.3659240131623425
215,iPhone 12,iOS,152,3.3,1175,29,461,42,Female,2,2,-1.4662762824100193,0.2961606373298311
216,OnePlus 9,Android,553,8.4,2559,89,2471,51,Male,5,3,3.4461639638939316,1.0265231424149774
217,iPhone 12,iOS,402,6.9,2282,78,1397,40,Male,4,1,1.7625290739302921,0.1161784790102037
218,OnePlus 9,Android,555,9.5,2855,95,1565,24,Male,5,3,3.238436893088416,-1.2188485192036616
219,iPhone 12,iOS,499,9.6,2873,81,1805,52,Female,5,3,3.061678373068064,1.1148215978715923
220,Xiaomi Mi 11,Android,101,3.2,603,28,417,43,Male,2,2,-1.9702392557829,0.38707873172368823
221,OnePlus 9,Android,433,6.8,2093,75,1300,32,Male,4,1,1.603697301188556,-0.5479271072629497
222,OnePlus 9,Android,133,2.0,1007,31,417,32,Male,2,0,-1.7958553629120548,-0.5391912452681219
223,Xiaomi Mi 11,Android,351,6.1,1941,79,1290,21,Female,4,1,1.2673258174102005,-1.4640612605668968
224,Samsung Galaxy S21,Android,532,10.7,2556,83,2148,53,Female,5,3,3.4034394045908685,1.203802685772323
225,OnePlus 9,Android,92,2.5,690,31,563,27,Male,2,0,-1.900560954156119,-0.9500248451724554
226,Xiaomi Mi 11,Android,511,10.8,2712,97,2438,59,Female,5,3,3.8859250166493293,1.699548019860717
227,Xiaomi Mi 11,Android,384,7.0,2185,72,1376,59,Male,4,1,1.5689595673943948,1.7012964235122288
228,iPhone 12,iOS,193,5.2,1318,49,626,32,Female,3,1,-0.5623070448195158,-0.5351264583935449
229,Samsung Galaxy S21,Android,132,3.8,649,25,368,41,Male,2,2,-1.8634335797575692,0.22220020959186482
230,Samsung Galaxy S21,Android,360,7.3,1946,79,1164,50,Male,4,1,1.3881914196191358,0.9561259091128048
231,iPhone 12,iOS,159,2.3,1083,32,526,38,Male,2,0,-1.550803542892593,-0.04021727796008572
232,iPhone 12,iOS,495,8.9,2855,91,2150,31,Male,5,3,3.3396837980342053,-0.6391584499086822
233,Xiaomi Mi 11,Android,537,10.0,2720,83,1763,35,Male,5,3,3.132197175133435,-0.29843528117412566
234,OnePlus 9,Android,129,3.4,1059,27,580,36,Female,2,0,-1.5258969737493528,-0.20178137193069018
235,iPhone 12,iOS,132,3.8,636,28,529,53,Male,2,2,-1.7058275776379863,1.220859823582965
236,Xiaomi Mi 11,Android,37,1.4,369,18,295,19,Female,1,0,-2.7804591476580343,-1.6130852643101685
237,Samsung Galaxy S21,Android,524,8.9,2549,88,1730,20,Female,5,3,2.9015903303465285,-1.5499553093425078
238,OnePlus 9,Android,425,6.9,2142,66,1130,19,Female,4,1,1.353726614872892,-1.6291423539896013
239,OnePlus 9,Android,64,1.7,585,13,107,53,Male,1,2,-2.754562717480058,1.2183003858644657
240,iPhone 12,iOS,573,10.8,2711,96,2118,33,Female,5,3,3.797138068378614,-0.4654734408512614
241,Google Pixel 5,Android,45,1.7,302,16,191,57,Female,1,2,-2.8484647136606016,1.5545002506375711
242,Xiaomi Mi 11,Android,564,11.7,2764,81,2133,37,Female,5,3,3.696340890956851,-0.12797192423829948
243,OnePlus 9,Android,162,3.5,761,36,338,51,Male,2,2,-1.604846340503617,1.0511691919014365
244,Samsung Galaxy S21,Android,451,6.5,2378,69,1341,44,Male,4,1,1.6933549959188907,0.44726538794131926
245,OnePlus 9,Android,30,1.3,479,16,253,35,Male,1,0,-2.8107155094946985,-0.28159798328040675
246,Samsung Galaxy S21,Android,202,5.0,1542,45,844,29,Male,3,1,-0.3622561218664665,-0.7890701911023146
247,Google Pixel 5,Android,71,1.5,590,17,257,33,Male,1,0,-2.5979707030700316,-0.4495239062395407
248,Google Pixel 5,Android,314,6.2,2205,63,1066,19,Male,4,1,0.91055366060714,-1.6302543987018712
249,Xiaomi Mi 11,Android,168,4.0,866,22,581,50,Female,2,2,-1.5241073867327781,0.9688312695218501
250,Google Pixel 5,Android,75,1.9,537,13,230,58,Female,1,2,-2.6372212773820625,1.6353934045784426
251,OnePlus 9,Android,42,1.4,324,13,272,29,Female,1,0,-2.8889687953865275,-0.7790295971461396
252,OnePlus 9,Android,441,7.9,2332,78,1477,23,Female,4,3,2.0855266460755364,-1.2976906199737657
253,Google Pixel 5,Android,523,10.5,2460,99,1787,22,Male,5,3,3.306803276596395,-1.3779369775203902
254,Xiaomi Mi 11,Android,100,2.4,982,31,478,48,Female,2,2,-1.7883228043557295,0.7954610119341233
255,OnePlus 9,Android,52,1.2,398,14,172,24,Female,1,0,-2.906263105001502,-1.196946880398017
256,OnePlus 9,Android,397,7.0,2352,77,1101,46,Female,4,1,1.5825260209084928,0.616887079704962
257,Xiaomi Mi 11,Android,424,7.7,1863,65,1116,52,Male,4,1,1.2974386401707156,1.1260027432936277
258,Xiaomi Mi 11,Android,272,5.0,1655,45,686,19,Female,3,1,-0.23515623306555325,-1.623703505955097
259,Xiaomi Mi 11,Android,201,4.0,1791,50,914,18,Male,3,1,-0.24539887565128993,-1.7127770272160923
260,Xiaomi Mi 11,Android,570,9.0,2613,98,2497,49,Female,5,3,3.773636022135263,0.8601057507028522
261,Xiaomi Mi 11,Android,64,1.3,490,14,151,43,Female,1,2,-2.8204169144418163,0.3847813318513186
262,iPhone 12,iOS,334,6.6,2394,68,1227,46,Female,4,1,1.3250623512321185,0.6162840558126476
263,iPhone 12,iOS,518,9.6,2954,93,2125,34,Female,5,3,3.5710229922250583,-0.38839374170213903
264,Samsung Galaxy S21,Android,70,1.7,359,10,109,57,Male,1,2,-2.9106248576816465,1.5544595434206219
265,iPhone 12,iOS,334,6.8,2000,77,1079,40,Female,4,1,1.1840997944512863,0.12168204167527602
266,Xiaomi Mi 11,Android,563,8.4,2849,85,1508,25,Male,5,3,2.8892905422801456,-1.1382324533714694
267,iPhone 12,iOS,181,4.1,1608,43,752,22,Female,3,0,-0.6094942100799741,-1.375269908728594
268,OnePlus 9,Android,584,9.4,2766,84,2151,32,Male,5,3,3.473817405165615,-0.5534765471023497
269,Samsung Galaxy S21,Android,208,4.7,1642,45,861,55,Male,3,1,-0.31736944001682804,1.3740887621709348
270,Samsung Galaxy S21,Android,381,6.6,2160,69,1450,20,Male,4,1,1.4803701090210855,-1.5482171079597218
271,Xiaomi Mi 11,Android,426,6.5,1969,78,1266,53,Female,4,1,1.5062330177107355,1.2015645884918087
272,OnePlus 9,Android,284,4.2,1360,56,888,51,Male,3,1,-0.15134290972439318,1.0401272310089023
273,Google Pixel 5,Android,105,2.2,1002,29,453,31,Female,2,0,-1.8489884663181106,-0.6212326908183177
274,Google Pixel 5,Android,179,2.3,1014,32,588,38,Male,2,0,-1.4949296867006505,-0.039926731317280285
275,iPhone 12,iOS,122,2.6,639,37,568,35,Male,2,0,-1.7324155441320974,-0.2838086778273762
276,OnePlus 9,Android,501,11.9,2702,88,1738,49,Male,5,3,3.377792459259686,0.8748307885539466
277,Xiaomi Mi 11,Android,269,5.9,1666,42,629,32,Female,3,1,-0.19150737286332142,-0.5371552593053912
278,Google Pixel 5,Android,230,4.4,1607,52,878,54,Male,3,1,-0.19648030804979702,1.2889783274483868
279,Xiaomi Mi 11,Android,85,1.6,417,12,122,47,Male,1,2,-2.815770907615703,0.7199714143533559
280,Samsung Galaxy S21,Android,411,7.8,2029,75,1136,33,Female,4,1,1.5453006064540344,-0.459225241131722
281,Samsung Galaxy S21,Android,73,1.7,403,12,163,51,Male,1,2,-2.8097848506888696,1.0536728352247506
282,Xiaomi Mi 11,Android,39,1.7,530,11,268,26,Female,1,0,-2.776869751755346,-1.0300500822046825
283,iPhone 12,iOS,386,7.7,2114,72,1209,51,Male,4,1,1.5193395126223896,1.0390305618265612
284,Google Pixel 5,Android,49,1.3,542,16,169,54,Female,1,2,-2.7812671146883785,1.3002892986679746
285,Google Pixel 5,Android,411,6.9,1820,70,1024,43,Male,4,1,1.1413668931091263,0.37401966978194073
286,OnePlus 9,Android,534,10.8,2805,90,1538,37,Male,5,3,3.2488960656166572,-0.1297607044475991
287,Samsung Galaxy S21,Android,314,7.4,2136,64,1376,47,Female,4,1,1.2867091211201784,0.7057044958771089
288,Xiaomi Mi 11,Android,211,4.0,1519,54,811,29,Female,3,1,-0.3709174384479921,-0.793388661659885
289,OnePlus 9,Android,121,3.7,619,36,473,47,Male,2,2,-1.6648216952580634,0.7204601048195829
290,Google Pixel 5,Android,84,1.2,415,10,146,50,Male,1,2,-2.893595055687021,0.9685601912271299
291,OnePlus 9,Android,448,7.6,2199,66,1047,28,Male,4,1,1.4901506440086878,-0.877641099947862
292,Google Pixel 5,Android,55,1.6,360,19,149,30,Male,1,0,-2.7922588546887748,-0.6957747590967617
293,Google Pixel 5,Android,59,1.8,497,10,208,36,Female,1,0,-2.78527118671706,-0.19627625100842236
294,Xiaomi Mi 11,Android,226,4.5,1781,45,649,27,Female,3,1,-0.37916705283544333,-0.9598876100982825
295,Samsung Galaxy S21,Android,580,8.5,2660,87,1795,52,Male,5,3,3.0828392023945996,1.111658483523114
296,OnePlus 9,Android,65,1.8,481,18,130,41,Male,1,2,-2.6983947271179765,0.2197481578544221
297,OnePlus 9,Android,458,6.6,2214,67,1163,31,Female,4,1,1.4757349930126378,-0.6323091499840153
298,iPhone 12,iOS,170,2.7,805,26,344,53,Female,2,2,-1.8389255949796914,1.2152874044128834
299,iPhone 12,iOS,264,5.2,1641,44,778,44,Male,3,1,-0.1801880132234583,0.4593501465550119
300,Xiaomi Mi 11,Android,122,3.3,748,35,499,59,Female,2,2,-1.6454198390489658,1.7169448122125435
301,Xiaomi Mi 11,Android,420,6.5,2113,65,1314,35,Male,4,1,1.3819809073516802,-0.29814875284614767
302,iPhone 12,iOS,267,4.4,1505,59,971,38,Female,3,1,0.01819071742261601,-0.04416437494171234
303,iPhone 12,iOS,469,6.0,2290,67,1086,34,Female,4,1,1.4051529543398524,-0.38535556316321046
304,iPhone 12,iOS,541,11.4,2443,89,1923,34,Female,5,3,3.4053260135359085,-0.37469015706838327
305,iPhone 12,iOS,155,2.9,1117,22,322,19,Female,2,0,-1.7677441720781943,-1.6190014299998874
306,OnePlus 9,Android,106,2.8,686,32,594,27,Male,2,0,-1.7853888113416283,-0.949332562550278
307,OnePlus 9,Android,243,5.0,1232,47,877,43,Male,3,1,-0.368252163597534,0.379859278216344
308,OnePlus 9,Android,410,7.5,2176,68,1213,45,Female,4,1,1.5195421448108284,0.5378751380198549
309,iPhone 12,iOS,285,5.1,1226,57,666,20,Female,3,1,-0.2363990252935605,-1.5362505496563776
310,OnePlus 9,Android,397,6.8,2027,66,1167,40,Male,4,1,1.2364145484578635,0.12129199131845693
311,Samsung Galaxy S21,Android,230,4.2,1507,51,868,25,Female,3,1,-0.3116641253779007,-1.125874217018074
312,iPhone 12,iOS,341,7.2,2397,68,1055,32,Female,4,1,1.3090026616623034,-0.5470527083162889
313,Google Pixel 5,Android,132,2.9,1054,32,563,20,Male,2,0,-1.526725769550248,-1.5367401716414033
314,Xiaomi Mi 11,Android,130,3.0,820,21,308,49,Female,2,2,-1.9975807817206315,0.8842933471190187
315,iPhone 12,iOS,281,4.9,1566,59,632,29,Male,3,1,-0.07739212284577508,-0.7914933401733614
316,OnePlus 9,Android,74,2.0,320,11,103,55,Female,1,2,-2.8661397818613503,1.389291792420433
317,OnePlus 9,Android,299,4.3,1737,43,953,42,Female,3,1,-0.06602726625965796,0.2872054341406614
318,Google Pixel 5,Android,116,2.2,827,29,434,28,Female,2,0,-1.9309165620657749,-0.8690583067693061
319,OnePlus 9,Android,408,6.6,2026,63,1076,47,Female,4,1,1.123404263377277,0.7041924202847987
320,Google Pixel 5,Android,508,11.3,2590,81,2481,51,Male,5,3,3.645750487530216,1.0381207800442782
321,iPhone 12,iOS,227,4.4,1275,56,984,22,Female,3,1,-0.25429901191106585,-1.3732076796379704
322,Google Pixel 5,Android,274,6.0,1489,56,666,57,Female,3,1,0.0041436980052953635,1.5459155401981821
323,Google Pixel 5,Android,347,6.3,2001,61,1456,21,Female,4,1,1.1346281920569252,-1.4627329440196235
324,Xiaomi Mi 11,Android,76,1.3,490,14,156,31,Female,1,0,-2.789716735037412,-0.614927932009952
325,iPhone 12,iOS,445,7.5,2007,78,1115,23,Male,4,1,1.6084044197526775,-1.293700309597479
326,OnePlus 9,Android,203,4.3,1554,54,638,25,Female,3,1,-0.4492590167266039,-1.1250514193790664
327,Samsung Galaxy S21,Android,199,6.0,1707,57,881,55,Male,3,1,0.09863040910824787,1.3767225960037284
328,OnePlus 9,Android,48,2.0,574,18,127,24,Female,1,0,-2.667956536452583,-1.196386484671844
329,OnePlus 9,Android,88,1.6,420,12,274,31,Female,1,0,-2.7053913929768165,-0.6134432145235375
330,iPhone 12,iOS,541,8.3,2865,89,1820,42,Female,5,3,3.115090609757564,0.2757394243933775
331,Google Pixel 5,Android,233,4.6,1534,49,796,21,Female,3,1,-0.31520995427665877,-1.4574439237831793
332,iPhone 12,iOS,176,3.8,727,36,362,47,Female,2,2,-1.5286623132376587,0.7191943313008362
333,OnePlus 9,Android,191,6.0,1762,45,904,54,Male,3,1,-0.07561483546080396,1.294099030585882
334,Google Pixel 5,Android,461,7.5,2001,69,1324,34,Female,4,1,1.6436273791162328,-0.3775290556558199
335,Samsung Galaxy S21,Android,37,1.5,375,18,246,46,Female,1,2,-2.789413316198105,0.636324442843759
336,OnePlus 9,Android,531,9.8,2905,99,1632,45,Female,5,3,3.367340832161465,0.5303995790255462
337,Samsung Galaxy S21,Android,473,7.9,2292,62,1472,44,Male,4,1,1.8804408507109878,0.4532780231450588
338,Samsung Galaxy S21,Android,30,1.3,561,15,252,34,Male,1,0,-2.7834137667777723,-0.3657745482939996
339,iPhone 12,iOS,306,6.1,2267,70,1449,46,Male,4,1,1.2988306220177954,0.6152557799761064
340,iPhone 12,iOS,64,1.2,590,13,155,30,Male,1,0,-2.7975494218426022,-0.6995140737939715
341,iPhone 12,iOS,75,1.0,435,13,223,43,Male,1,2,-2.8331464084781866,0.3840121514265302
342,iPhone 12,iOS,597,10.3,2718,90,1863,26,Female,5,3,3.5103706312012117,-1.04901625106807
343,iPhone 12,iOS,529,10.5,2971,87,1683,56,Male,5,3,3.338987830892978,1.4494869511050694
344,iPhone 12,iOS,290,6.0,1533,54,645,57,Female,3,1,0.020933545300993384,1.545461321067403
345,iPhone 12,iOS,256,5.8,1309,52,840,43,Male,3,1,-0.11888932492024112,0.38123759581571715
346,iPhone 12,iOS,308,7.7,1974,73,1431,37,Female,4,1,1.4118423941980605,-0.12530902038702102
347,OnePlus 9,Android,156,3.3,1020,38,447,57,Female,2,2,-1.396931976463962,1.5464534675376573
348,Samsung Galaxy S21,Android,62,1.4,542,18,266,46,Male,1,2,-2.635320983956674,0.6334881778932414
349,Google Pixel 5,Android,156,3.8,866,34,510,26,Male,2,0,-1.4394787444740949,-1.031774943764795
350,Samsung Galaxy S21,Android,303,7.4,2314,66,1387,34,Male,4,1,1.3937959378586915,-0.379381684331835
351,Samsung Galaxy S21,Android,463,6.9,2111,73,1463,54,Male,4,1,1.7896810854954568,1.2837618224544696
352,Google Pixel 5,Android,60,1.5,593,14,281,35,Female,1,0,-2.6569799135976546,-0.28258870376892997
353,Google Pixel 5,Android,225,4.6,1230,52,954,20,Female,3,1,-0.34276264475397955,-1.5379255025746534
354,Samsung Galaxy S21,Android,379,7.5,1823,68,1075,53,Female,4,1,1.1541177211111497,1.2095451559160688
355,OnePlus 9,Android,53,1.4,455,14,106,54,Female,1,2,-2.88116118512659,1.3021411643597407
356,Samsung Galaxy S21,Android,30,1.9,574,19,287,45,Male,1,2,-2.5950349888346285,0.5518722335077434
357,iPhone 12,iOS,291,4.1,1326,51,905,55,Female,3,1,-0.2372019963294203,1.373730192287929
358,iPhone 12,iOS,488,9.5,2840,92,1986,48,Female,5,3,3.308685161351464,0.7798642488284027
359,Google Pixel 5,Android,74,2.0,366,13,253,44,Female,1,2,-2.7065816965989575,0.47165004978794123
360,Samsung Galaxy S21,Android,230,4.6,1325,55,845,54,Female,3,1,-0.29468522916789264,1.2929437553539422
361,Samsung Galaxy S21,Android,517,11.8,2435,86,2208,26,Male,5,3,3.543961157194534,-1.0400285977900585
362,OnePlus 9,Android,557,10.4,2900,97,1609,22,Male,5,3,3.462659916081018,-1.383161819286889
363,Xiaomi Mi 11,Android,78,1.5,341,11,259,38,Female,1,0,-2.8137730736562787,-0.029475440765303958
364,iPhone 12,iOS,321,7.9,2159,64,1499,45,Male,4,1,1.4746925333385956,0.5400246561384313
365,Xiaomi Mi 11,Android,579,8.6,2539,84,1935,34,Male,5,3,3.0709654304826004,-0.38603254811925214
366,OnePlus 9,Android,382,7.2,1965,67,1341,22,Male,4,1,1.355281893274184,-1.3764170919729903
367,Xiaomi Mi 11,Android,516,11.6,2464,82,1767,29,Female,5,3,3.156640784397374,-0.7888955765785756
368,OnePlus 9,Android,598,11.2,2876,85,2477,58,Female,5,3,4.081537480289391,1.6156208604323146
369,OnePlus 9,Android,102,3.9,747,36,408,49,Female,2,2,-1.6582353615957086,0.8867597804416587
370,iPhone 12,iOS,165,2.4,816,35,503,34,Male,2,0,-1.6342978827139012,-0.37009665760940696
371,iPhone 12,iOS,558,9.8,2765,83,1548,25,Female,5,3,3.0292064076972904,-1.1320227086700658
372,Google Pixel 5,Android,561,10.6,2547,86,1823,22,Male,5,3,3.273864003774958,-1.3778969336652687
373,Samsung Galaxy S21,Android,511,10.9,2514,91,2335,59,Female,5,3,3.620786179809659,1.7034188174730083
374,Google Pixel 5,Android,560,11.3,2947,95,1663,25,Female,5,3,3.632176849305049,-1.1306501663464772
375,OnePlus 9,Android,69,1.3,434,12,164,42,Male,1,2,-2.8629628729632297,0.3022635513205827
376,OnePlus 9,Android,44,1.1,531,17,232,26,Male,1,0,-2.7762163924875893,-1.0328128052189198
377,iPhone 12,iOS,65,1.7,490,17,122,51,Female,1,2,-2.7275956338298637,1.0523515715241527
378,Google Pixel 5,Android,458,6.0,1875,63,1072,31,Female,4,1,1.0729134896250585,-0.6295266503499127
379,Samsung Galaxy S21,Android,525,10.8,2445,99,1623,57,Male,5,3,3.242979548205529,1.5392569221728183
380,OnePlus 9,Android,106,3.0,922,22,313,51,Male,2,2,-1.981896665179866,1.049849276554203
381,iPhone 12,iOS,188,4.6,1767,47,653,34,Male,3,1,-0.4306279437596859,-0.37599887407677834
382,iPhone 12,iOS,493,10.4,2453,99,1813,39,Male,5,3,3.234885293596191,0.03808608257648344
383,OnePlus 9,Android,84,1.5,373,19,299,37,Female,1,0,-2.6203982506362746,-0.11429534488858362
384,OnePlus 9,Android,104,2.9,653,35,322,30,Male,2,0,-1.9317634372763715,-0.6978352974476568
385,Samsung Galaxy S21,Android,102,3.0,890,38,548,28,Male,2,0,-1.5863767109881355,-0.8682070689457697
386,iPhone 12,iOS,349,6.6,2041,78,1096,40,Female,4,1,1.243832485265318,0.12006272369428106
387,OnePlus 9,Android,98,2.0,925,32,457,28,Male,2,0,-1.8861394866743808,-0.8711461042279829
388,Samsung Galaxy S21,Android,72,1.3,461,13,199,32,Male,1,0,-2.802310071523381,-0.5312974834781046
389,Xiaomi Mi 11,Android,563,11.6,2968,92,2191,34,Female,5,3,4.013481544327413,-0.3821402897317818
390,Xiaomi Mi 11,Android,119,2.8,775,31,313,50,Female,2,2,-1.9090580874951446,0.9664441369341689
391,OnePlus 9,Android,311,7.9,2231,69,1021,36,Male,4,1,1.238283954964482,-0.2088646367997331
392,OnePlus 9,Android,337,6.1,1901,76,1359,58,Male,4,1,1.2176214472773397,1.6185056959087731
393,Samsung Galaxy S21,Android,168,3.5,1055,29,313,54,Male,2,2,-1.5617028177788381,1.2982623668588467
394,iPhone 12,iOS,331,7.4,2129,66,1459,53,Male,4,1,1.4183753598321538,1.204731940211068
395,Google Pixel 5,Android,589,9.2,2663,84,1774,45,Female,5,3,3.143014498820443,0.531394872733029
396,Xiaomi Mi 11,Android,472,6.8,2288,61,1356,52,Male,4,1,1.6203646406603782,1.116308701715932
397,Xiaomi Mi 11,Android,78,1.1,437,14,143,27,Female,1,0,-2.8529092552793234,-0.9481520794300043
398,iPhone 12,iOS,517,11.6,2798,90,2175,20,Male,5,3,3.755719803672798,-1.545228916842842
399,OnePlus 9,Android,41,1.6,323,18,221,43,Female,1,2,-2.811296132257673,0.3874891742813774
400,OnePlus 9,Android,49,1.5,571,10,203,29,Male,1,0,-2.8191525168511165,-0.7811497277945063
401,Xiaomi Mi 11,Android,522,11.1,2821,86,1891,42,Male,5,3,3.4504324887310585,0.28670636016479895
402,Google Pixel 5,Android,97,2.7,612,36,508,53,Male,2,2,-1.8494499416199373,1.216879059719165
403,iPhone 12,iOS,411,7.4,1960,71,1264,40,Male,4,1,1.473175138681061,0.123115035949023
404,Samsung Galaxy S21,Android,566,8.6,2595,89,1657,51,Female,5,3,2.9637143704362425,1.0300846636444838
405,iPhone 12,iOS,559,8.2,2618,84,2102,22,Female,5,3,3.117807692620587,-1.3883826622099829
406,Google Pixel 5,Android,478,7.3,2340,69,1017,43,Female,4,1,1.6327613665884733,0.368321855857189
407,Xiaomi Mi 11,Android,147,3.2,994,33,567,25,Female,2,0,-1.4570814700587966,-1.1188005294512684
408,OnePlus 9,Android,395,7.3,2291,61,1049,55,Female,4,1,1.2877705648944664,1.370365442070866
409,Samsung Galaxy S21,Android,357,7.8,2289,74,1242,22,Female,4,1,1.60476837074995,-1.3781827305596936
410,Google Pixel 5,Android,405,6.9,2366,61,1434,51,Male,4,1,1.5616830599033085,1.03305308154724
411,Samsung Galaxy S21,Android,501,11.8,2790,86,2074,31,Female,5,3,3.6062634517500642,-0.6270854980527293
412,Xiaomi Mi 11,Android,575,8.2,2918,88,1928,50,Male,5,3,3.276029910667735,0.9402425069833579
413,OnePlus 9,Android,257,5.1,1692,46,769,52,Female,3,1,-0.15540595476962485,1.124629876774376
414,iPhone 12,iOS,270,5.0,1532,51,957,35,Male,3,1,-0.015605194637175687,-0.2913027717612446
415,Google Pixel 5,Android,116,2.0,1171,22,573,33,Female,2,0,-1.7905446338253144,-0.45732296821345214
416,iPhone 12,iOS,98,2.3,608,24,394,56,Male,2,2,-2.185441059363079,1.4671525150962668
417,Xiaomi Mi 11,Android,264,5.1,1293,52,737,27,Female,3,1,-0.28509131149923084,-0.9534656554171496
418,Samsung Galaxy S21,Android,572,11.7,2655,91,2481,57,Female,5,3,4.069926759609291,1.5365196141303754
419,Xiaomi Mi 11,Android,202,4.9,1549,43,964,27,Female,3,1,-0.3236444189408448,-0.9563932330704332
420,iPhone 12,iOS,83,1.4,454,11,228,46,Male,1,2,-2.773173205632486,0.6351923665669776
421,iPhone 12,iOS,32,1.4,416,12,198,56,Male,1,2,-2.924726930880642,1.4693309153491831
422,iPhone 12,iOS,168,3.2,716,38,414,43,Male,2,2,-1.5741710500624255,0.38365762392288444
423,iPhone 12,iOS,416,6.1,2115,71,1041,22,Female,4,1,1.2218088330242534,-1.3818733461576438
424,Xiaomi Mi 11,Android,46,1.1,536,18,167,28,Female,1,0,-2.7962916871983445,-0.8661498871428069
425,OnePlus 9,Android,201,5.0,1482,59,709,24,Male,3,1,-0.2594882748654745,-1.2057597367507515
426,Samsung Galaxy S21,Android,130,2.8,1062,24,579,37,Male,2,0,-1.6595869508608514,-0.12037527362335766
427,OnePlus 9,Android,98,2.4,747,36,403,44,Female,2,2,-1.8918995788123694,0.46494528673966107
428,OnePlus 9,Android,105,3.8,967,28,489,51,Male,2,2,-1.6212347821894308,1.0508009284131201
429,Xiaomi Mi 11,Android,94,2.3,1033,33,369,58,Male,2,2,-1.8297984839036476,1.627737832513487
430,Xiaomi Mi 11,Android,540,10.1,2757,90,2180,37,Male,5,3,3.580777168143681,-0.13452520668929333
431,iPhone 12,iOS,266,5.5,1238,59,839,22,Male,3,1,-0.06589529502581394,-1.3690479559997397
432,iPhone 12,iOS,140,3.8,1137,36,506,53,Male,2,2,-1.293944592553952,1.213864456247013
433,Google Pixel 5,Android,534,10.4,2672,90,1702,51,Male,5,3,3.235119685257605,1.0358159572783314
434,OnePlus 9,Android,46,2.0,309,15,116,42,Male,1,2,-2.8709571182183278,0.30651960222369845
435,iPhone 12,iOS,581,8.4,2591,99,2304,58,Male,5,3,3.5872072512769226,1.6083934569281824
436,Xiaomi Mi 11,Android,105,3.4,798,21,467,34,Female,2,0,-1.9084007406676633,-0.36370661476623056
437,OnePlus 9,Android,221,4.4,1341,46,862,20,Male,3,0,-0.4849367140458316,-1.5388905167769125
438,iPhone 12,iOS,41,1.7,408,16,291,34,Male,1,0,-2.7373155172843364,-0.36289823887103106
439,OnePlus 9,Android,105,3.0,728,24,343,52,Female,2,2,-2.036318471958433,1.1351696655796626
440,Google Pixel 5,Android,123,3.9,915,39,468,18,Male,2,0,-1.4296810238998208,-1.6982551599446425
441,Google Pixel 5,Android,260,5.7,1725,56,920,36,Female,3,1,0.22468205707418687,-0.20807661474235192
442,Samsung Galaxy S21,Android,223,5.7,1295,44,751,39,Male,3,1,-0.42070094874794245,0.0496051776192153
443,Google Pixel 5,Android,66,1.1,505,17,218,33,Male,1,0,-2.7425570610650767,-0.4496995496776521
444,iPhone 12,iOS,231,4.0,1664,48,724,29,Female,3,1,-0.40102113361236746,-0.7944077068298312
445,iPhone 12,iOS,555,8.8,2540,97,2402,22,Male,5,3,3.576833101579186,-1.3879136529957157
446,Samsung Galaxy S21,Android,378,7.2,1859,61,1318,58,Male,4,1,1.1807908755303584,1.6242391227207151
447,OnePlus 9,Android,546,8.8,2852,81,1641,24,Male,5,3,2.9315253050232313,-1.2199967237013625
448,Samsung Galaxy S21,Android,234,5.2,1604,58,919,58,Male,3,1,0.05804003170585337,1.6241890869169662
449,Samsung Galaxy S21,Android,152,3.0,617,22,306,22,Female,2,0,-2.044886222972489,-1.3625643945871573
450,Google Pixel 5,Android,34,1.2,518,10,170,20,Female,1,0,-2.9551951163590737,-1.5308732292267802
451,Samsung Galaxy S21,Android,179,3.5,1114,30,466,56,Male,2,2,-1.3782778736857557,1.463212535366687
452,OnePlus 9,Android,591,11.8,2953,92,1903,52,Male,5,3,3.910505913855753,1.118865923646361
453,Samsung Galaxy S21,Android,120,3.3,734,35,583,26,Male,2,0,-1.6086578798177307,-1.0318843148445451
454,Google Pixel 5,Android,88,1.3,557,13,164,43,Male,1,2,-2.730541241599403,0.38367818616586374
455,iPhone 12,iOS,143,3.9,1160,24,398,45,Male,2,2,-1.5359196068409884,0.5493408212011405
456,iPhone 12,iOS,74,1.6,436,13,182,27,Female,1,0,-2.780293020106027,-0.9463292504007809
457,iPhone 12,iOS,74,1.6,587,15,275,27,Female,1,0,-2.59983396851495,-0.9487828628683082
458,OnePlus 9,Android,234,4.7,1707,55,871,46,Male,3,1,-0.044857524502884924,0.6221444112220996
459,iPhone 12,iOS,56,1.0,547,10,142,58,Female,1,2,-2.9220819803977087,1.6329912562109128
460,OnePlus 9,Android,174,2.4,639,37,545,50,Male,2,2,-1.6417805446823328,0.9642188738532957
461,Samsung Galaxy S21,Android,523,9.0,2696,91,1561,20,Female,5,3,2.926933611756837,-1.5509801588975154
462,Samsung Galaxy S21,Android,123,3.3,938,36,438,55,Male,2,2,-1.5655289872121172,1.381595153319917
463,Samsung Galaxy S21,Android,216,5.9,1789,54,987,55,Male,3,1,0.19557261591132533,1.3749999182886494
464,iPhone 12,iOS,290,4.6,1694,50,809,23,Male,3,1,-0.05695202640626949,-1.2937843556740478
465,Xiaomi Mi 11,Android,68,1.3,583,10,281,26,Female,1,0,-2.7403208059510265,-1.0325015862022602
466,OnePlus 9,Android,265,4.8,1770,51,723,55,Female,3,1,-0.08401942671139621,1.3720046227970426
467,Samsung Galaxy S21,Android,414,7.3,2349,75,1092,51,Male,4,1,1.6294998108882213,1.0344903547603526
468,Google Pixel 5,Android,238,4.0,1414,47,661,41,Female,3,1,-0.5773391380661915,0.20842971775612387
469,Xiaomi Mi 11,Android,429,7.5,1921,61,1102,46,Male,4,1,1.2348244231347083,0.6252438157840949
470,Xiaomi Mi 11,Android,39,1.9,541,16,294,37,Male,1,0,-2.6375077721215088,-0.11389824684842069
471,Samsung Galaxy S21,Android,248,4.6,1396,52,883,40,Male,3,1,-0.2374934803261008,0.12588890100752237
472,Xiaomi Mi 11,Android,541,9.4,2452,93,1811,53,Female,5,3,3.112582296643618,1.200567065952283
473,Xiaomi Mi 11,Android,139,3.0,697,37,513,26,Female,2,0,-1.6397495785519776,-1.0327135286377573
474,iPhone 12,iOS,289,5.0,1625,45,687,29,Male,3,1,-0.20516612288537572,-0.7906548025814762
475,Xiaomi Mi 11,Android,210,4.9,1657,55,765,49,Female,3,1,-0.17658046833643046,0.8741491995581054
476,Samsung Galaxy S21,Android,412,6.2,2201,68,1085,54,Female,4,1,1.2623787818005825,1.2830202503606565
477,Google Pixel 5,Android,318,6.6,2089,77,1126,49,Female,4,1,1.198091875545759,0.8695412779910879
478,iPhone 12,iOS,258,4.2,1315,44,762,59,Female,3,2,-0.5268742976921065,1.7092488239834744
479,OnePlus 9,Android,258,4.3,1759,59,718,41,Female,3,1,-0.0546845985264123,0.2034660877052187
480,Samsung Galaxy S21,Android,189,4.8,1681,59,795,57,Male,3,1,-0.14173215992622837,1.5395711530060512
481,iPhone 12,iOS,155,2.4,954,39,441,51,Male,2,2,-1.555953397109992,1.044171408915652
482,Samsung Galaxy S21,Android,528,10.4,2717,87,2140,34,Male,5,3,3.4937440129393225,-0.38216000352270624
483,iPhone 12,iOS,549,11.1,2851,87,1814,56,Male,5,3,3.502258549259371,1.452275791401162
484,Xiaomi Mi 11,Android,78,1.6,470,18,230,49,Female,1,2,-2.6292022784027176,0.8848919414509256
485,iPhone 12,iOS,444,6.0,1873,61,1093,39,Female,4,1,1.0197194044761582,0.03717312592549265
486,Xiaomi Mi 11,Android,80,1.1,417,18,298,36,Male,1,0,-2.682373982996306,-0.19939968488680584
487,iPhone 12,iOS,131,3.8,739,34,330,57,Female,2,2,-1.688958256123019,1.5529778177420446
488,iPhone 12,iOS,228,4.4,1734,46,804,57,Female,3,1,-0.28238693303569007,1.538316333998686
489,Xiaomi Mi 11,Android,416,7.3,1882,62,1333,32,Female,4,1,1.324432046740749,-0.5420149445805897
490,Google Pixel 5,Android,586,9.3,2403,94,2332,21,Male,5,3,3.554543549208634,-1.4675444875681174
491,Google Pixel 5,Android,416,6.1,2279,71,1096,47,Male,4,1,1.3563654150158027,0.6982232350235247
492,iPhone 12,iOS,152,3.7,948,22,507,53,Female,2,2,-1.6139976707334573,1.2171700814882276
493,Xiaomi Mi 11,Android,87,1.5,594,19,198,36,Female,1,0,-2.5620442744739087,-0.19989136354686046
494,OnePlus 9,Android,329,6.8,1892,69,1383,23,Male,4,1,1.185339206497272,-1.2933252766222174
495,Samsung Galaxy S21,Android,107,2.5,1176,24,545,29,Female,2,0,-1.7248737211626102,-0.7887196896939899
496,Google Pixel 5,Android,493,10.9,2928,88,2116,57,Male,5,3,3.599613220867942,1.533313109940016
497,iPhone 12,iOS,182,4.8,1500,51,807,43,Female,3,1,-0.38716318332352767,0.376601736301481
498,iPhone 12,iOS,102,2.9,918,37,362,20,Female,2,0,-1.7333269820798378,-1.5343529463186232
499,Google Pixel 5,Android,274,4.5,1356,54,869,53,Male,3,1,-0.1810642212612773,1.208291521234873
500,iPhone 12,iOS,143,3.6,988,26,504,45,Female,2,2,-1.5670872867978507,0.549677418767784
501,Google Pixel 5,Android,66,1.3,369,14,195,32,Male,1,0,-2.8540237570105065,-0.5301853447734703
502,Xiaomi Mi 11,Android,420,7.7,2017,74,1187,24,Female,4,1,1.56327791920346,-1.2093137135297114
503,Xiaomi Mi 11,Android,582,8.4,2664,91,2493,55,Female,5,3,3.6267613761715944,1.3576894777669977
504,Google Pixel 5,Android,200,5.8,1291,50,965,52,Male,3,1,-0.2149206551427784,1.1315825348931927
505,Google Pixel 5,Android,493,8.5,2859,99,2450,47,Male,5,3,3.623854514377492,0.6899055667091605
506,Samsung Galaxy S21,Android,348,6.6,2398,66,1415,49,Female,4,1,1.460552928071899,0.8653355881208887
507,Xiaomi Mi 11,Android,238,5.1,1408,45,941,27,Male,3,1,-0.2631176937225032,-0.954590123997216
508,Xiaomi Mi 11,Android,33,2.0,318,11,173,42,Female,1,2,-2.9260496438072714,0.30679409495326626
509,Google Pixel 5,Android,267,5.9,1740,45,791,22,Male,3,1,0.0035474699211040313,-1.371977394542074
510,iPhone 12,iOS,492,10.0,2513,90,1968,31,Male,5,3,3.162381487524901,-0.6300889736360515
511,Google Pixel 5,Android,241,5.3,1767,58,976,38,Female,3,1,0.21384901675919893,-0.04363629362345445
512,Samsung Galaxy S21,Android,567,10.8,2911,89,1682,39,Male,5,3,3.474277112369075,0.03456203942450432
513,Samsung Galaxy S21,Android,36,1.6,442,17,249,34,Male,1,0,-2.758415835810253,-0.36353407854552433
514,OnePlus 9,Android,110,3.4,975,31,507,57,Female,2,2,-1.5985046691681903,1.5485360019205805
515,Samsung Galaxy S21,Android,466,7.1,1984,73,1461,54,Male,4,1,1.755510713763586,1.2859968030697255
516,OnePlus 9,Android,126,2.2,1187,28,599,25,Male,2,0,-1.6114831917818562,-1.1240530275869949
517,Xiaomi Mi 11,Android,120,3.8,940,36,535,44,Male,2,2,-1.4347925597026212,0.4667867247787518
518,iPhone 12,iOS,64,1.2,592,19,218,25,Male,1,0,-2.654218838003021,-1.1169328298669996
519,OnePlus 9,Android,574,8.5,2780,87,1809,34,Female,5,3,3.1382941763363807,-0.3890508354664313
520,OnePlus 9,Android,119,2.2,1123,22,371,51,Male,2,2,-1.915329772668677,1.0440760786940027
521,OnePlus 9,Android,350,6.5,2364,75,1485,20,Male,4,1,1.6230984895438332,-1.5514291568105876
522,Google Pixel 5,Android,69,1.1,535,17,250,25,Male,1,0,-2.6984593874690486,-1.1165880215375656
523,Xiaomi Mi 11,Android,438,6.5,1849,64,1125,49,Female,4,1,1.1390558766283239,0.8718239396741619
524,Samsung Galaxy S21,Android,506,11.2,2623,98,2460,48,Male,5,3,3.911831370079603,0.7857225428043646
525,Samsung Galaxy S21,Android,272,5.2,1390,45,792,57,Female,3,1,-0.26758230781455744,1.5449306655297375
526,Samsung Galaxy S21,Android,224,4.5,1646,57,665,59,Male,3,1,-0.23883664151585907,1.7057712429599343
527,Google Pixel 5,Android,99,2.4,689,36,318,29,Female,2,0,-1.9840213364659258,-0.783397486988067
528,iPhone 12,iOS,44,1.2,466,10,131,57,Female,1,2,-2.9755759330020717,1.551625779223509
529,Google Pixel 5,Android,175,3.0,801,32,338,24,Male,2,0,-1.6966449638135785,-1.1997841195812595
530,Google Pixel 5,Android,228,4.8,1639,47,796,42,Female,3,1,-0.2689506370552869,0.29144784443108346
531,Xiaomi Mi 11,Android,589,11.8,2629,86,2479,43,Female,5,3,4.025021152353712,0.37141190641999333
532,OnePlus 9,Android,339,7.9,1987,66,1191,47,Male,4,1,1.246426751921067,0.7095364488573097
533,iPhone 12,iOS,431,6.4,2206,66,1200,23,Female,4,1,1.3806513502286297,-1.2989415672671039
534,Xiaomi Mi 11,Android,190,4.7,1276,57,915,22,Female,3,1,-0.33495031008797077,-1.3714228498033203
535,OnePlus 9,Android,389,6.1,2087,67,1383,30,Male,4,1,1.3106575693702567,-0.715816198721781
536,Samsung Galaxy S21,Android,139,3.3,937,24,573,25,Female,2,0,-1.639657807897311,-1.1166644435348074
537,Samsung Galaxy S21,Android,289,5.9,1528,48,915,30,Male,3,1,0.08121479247415797,-0.7042248696842266
538,Samsung Galaxy S21,Android,593,11.1,2672,82,2258,34,Female,5,3,3.7344566714986374,-0.37995827367900303
539,Google Pixel 5,Android,576,9.5,2638,98,2281,38,Female,5,3,3.722800490942177,-0.053780041232521336
540,OnePlus 9,Android,592,9.4,2867,95,1701,27,Female,5,3,3.4192594508229397,-0.9705838418930176
541,iPhone 12,iOS,567,10.5,2817,89,2194,52,Male,5,3,3.737414454946028,1.1152529529143822
542,iPhone 12,iOS,170,2.5,740,21,537,25,Female,2,0,-1.8605459432294853,-1.1171204974330045
543,Google Pixel 5,Android,242,5.4,1307,48,642,28,Male,3,1,-0.4216085015841676,-0.8680985568986722
544,Samsung Galaxy S21,Android,275,5.5,1616,48,656,55,Male,3,1,-0.1373263380709389,1.3768844836837975
545,Google Pixel 5,Android,544,9.7,2633,97,1727,28,Female,5,3,3.2648024659931485,-0.8830030791660639
546,OnePlus 9,Android,50,2.0,362,17,182,34,Female,1,0,-2.7548648422315587,-0.36102805895159795
547,OnePlus 9,Android,236,4.6,1750,45,971,21,Female,3,1,-0.13459407975710594,-1.4604189238943681
548,iPhone 12,iOS,139,2.6,658,33,358,58,Female,2,2,-1.8850088209418976,1.6327915147216023
549,Google Pixel 5,Android,383,6.6,2155,74,1360,45,Male,4,1,1.5101649968250404,0.5339733015032725
550,Samsung Galaxy S21,Android,172,4.0,1047,32,508,21,Female,2,0,-1.30664786932936,-1.4497188964650873
551,Xiaomi Mi 11,Android,455,6.2,1984,72,1287,42,Male,4,1,1.4559503353058356,0.2842307777077156
552,Samsung Galaxy S21,Android,157,2.5,1110,30,373,37,Female,2,0,-1.6515413959748875,-0.12221565091393764
553,iPhone 12,iOS,173,3.8,605,23,583,32,Male,2,0,-1.670267416640575,-0.5281810630531544
554,Samsung Galaxy S21,Android,405,7.3,2082,75,1162,37,Female,4,1,1.5052903630353323,-0.12853214075270059
555,iPhone 12,iOS,387,6.6,2168,61,1246,19,Female,4,1,1.22509496314854,-1.6299440373277119
556,Xiaomi Mi 11,Android,201,4.9,1633,41,972,32,Female,3,1,-0.3066025750696563,-0.5407495937537986
557,iPhone 12,iOS,142,3.5,625,25,370,40,Female,2,2,-1.8938617821359363,0.1379624455887676
558,Samsung Galaxy S21,Android,198,4.2,1392,43,640,27,Male,3,0,-0.7464402649735781,-0.955580430427219
559,Google Pixel 5,Android,361,7.6,2037,65,1056,55,Male,4,1,1.1776981311109014,1.3745570629753676
560,OnePlus 9,Android,553,11.6,2914,81,1860,47,Male,5,3,3.549429886748043,0.7040892491651168
561,Samsung Galaxy S21,Android,408,6.2,2245,69,1103,38,Female,4,1,1.3012304196412972,-0.050333781676930874
562,Xiaomi Mi 11,Android,121,2.1,1188,21,578,18,Male,2,0,-1.7711322843590824,-1.7065463114175683
563,Google Pixel 5,Android,71,1.4,508,15,265,33,Female,1,0,-2.685210198742155,-0.4487013922371789
564,iPhone 12,iOS,46,1.6,440,10,265,31,Male,1,0,-2.8404060865431178,-0.6128282923278497
565,Xiaomi Mi 11,Android,290,4.4,1272,55,910,44,Male,3,1,-0.15841551311501234,0.458801487509064
566,Samsung Galaxy S21,Android,60,1.3,462,15,296,40,Male,1,2,-2.7295181888641586,0.1345732170804008
567,Google Pixel 5,Android,116,3.9,1132,26,498,35,Female,2,0,-1.5197049980936634,-0.2835091469881216
568,OnePlus 9,Android,86,1.7,312,16,227,32,Male,1,0,-2.7207487976222002,-0.5286863171482703
569,Google Pixel 5,Android,291,5.3,1537,43,700,49,Female,3,1,-0.22353454637112602,0.8774993940225924
570,Google Pixel 5,Android,404,6.6,2181,77,1327,18,Male,4,1,1.5975429636704588,-1.7157457427864802
571,OnePlus 9,Android,441,7.1,1928,74,1421,57,Male,4,1,1.651202213512283,1.536974339949662
572,Google Pixel 5,Android,444,6.1,2229,73,1194,25,Female,4,1,1.495346989301134,-1.1346524070515112
573,OnePlus 9,Android,211,5.9,1757,42,864,56,Female,3,1,-0.11939531668979206,1.46059932312177
574,Samsung Galaxy S21,Android,537,9.1,2858,86,2158,22,Male,5,3,3.3968510256694366,-1.3881914356202847
575,Xiaomi Mi 11,Android,519,10.9,2571,93,2163,47,Female,5,3,3.583162866009462,0.7036052493796773
576,Samsung Galaxy S21,Android,94,3.5,606,30,446,49,Male,2,2,-1.8876013070320494,0.8876422836209296
577,Google Pixel 5,Android,554,10.3,2776,83,1606,34,Female,5,3,3.1405946949972745,-0.38089942096312623
578,iPhone 12,iOS,381,7.5,2216,66,1291,37,Female,4,1,1.4866165289832587,-0.12865337224315226
579,OnePlus 9,Android,257,6.0,1715,49,916,40,Female,3,1,0.1371027534284668,0.12713409998449884
580,Samsung Galaxy S21,Android,47,1.1,532,18,122,36,Male,1,0,-2.8250257029431887,-0.19957966942272337
581,iPhone 12,iOS,527,10.0,2430,82,1737,27,Female,5,3,2.911249432970321,-0.9608867963503812
582,Samsung Galaxy S21,Android,148,2.7,625,34,416,27,Male,2,0,-1.8170407799422832,-0.949015113300959
583,iPhone 12,iOS,191,5.7,1414,53,991,19,Female,3,1,-0.1257153974816141,-1.6192597863000224
584,Google Pixel 5,Android,71,1.9,571,10,117,43,Female,1,2,-2.760982883930642,0.38645203240553505
585,OnePlus 9,Android,73,1.3,538,19,175,30,Female,1,0,-2.6748871563627152,-0.6993941495853385
586,OnePlus 9,Android,149,3.1,1191,28,563,29,Male,2,0,-1.443661616550287,-0.7878482196514814
587,Xiaomi Mi 11,Android,197,4.4,1665,44,608,43,Female,3,1,-0.571602133508313,0.3745498055815934
588,Samsung Galaxy S21,Android,328,6.1,1975,72,1101,24,Male,4,1,0.9809041341586079,-1.2126923436422883
589,OnePlus 9,Android,424,7.5,1995,75,1228,36,Male,4,1,1.5804457661595033,-0.21059463949387822
590,Samsung Galaxy S21,Android,111,3.6,627,26,464,39,Female,2,2,-1.8751970148941495,0.05493954064365195
591,Samsung Galaxy S21,Android,159,3.7,630,33,575,30,Male,2,0,-1.5462346795181527,-0.6963014091013839
592,Google Pixel 5,Android,580,11.5,2767,84,2341,36,Female,5,3,3.9032310845845952,-0.2134687497873899
593,Samsung Galaxy S21,Android,379,7.7,1809,64,1050,22,Female,4,1,1.0834915904005333,-1.371098391088562
594,Samsung Galaxy S21,Android,217,4.2,1500,42,677,26,Female,3,0,-0.6304091647346476,-1.0405062896630974
595,Xiaomi Mi 11,Android,447,6.3,1959,63,1441,48,Male,4,1,1.3950817263313318,0.7851063722186528
596,OnePlus 9,Android,512,10.5,2538,82,1694,41,Male,5,3,2.9791930727457796,0.20610781030016823
597,Xiaomi Mi 11,Android,511,10.8,2529,91,2387,21,Male,5,3,3.6404098132896,-1.462482841014819
598,OnePlus 9,Android,140,2.5,825,31,347,59,Male,2,2,-1.8462558714555388,1.7139431987337976
599,Samsung Galaxy S21,Android,114,3.0,1131,31,596,28,Male,2,0,-1.5072432832172975,-0.8707441362557738
600,Samsung Galaxy S21,Android,192,4.3,1382,42,905,47,Female,3,1,-0.5801933421695168,0.7098331747000532
601,iPhone 12,iOS,325,6.0,2244,70,1296,30,Female,4,1,1.209505377918019,-0.7171356677700279
602,OnePlus 9,Android,83,1.2,545,15,284,44,Male,1,2,-2.647620945125184,0.4660961190193894
603,OnePlus 9,Android,122,3.0,922,32,373,43,Male,2,2,-1.7353980822522794,0.3819191973520788
604,OnePlus 9,Android,138,2.1,660,22,424,41,Female,2,2,-2.1012315765569354,0.2159218779255273
605,OnePlus 9,Android,182,5.3,1278,42,885,54,Female,3,2,-0.5286763618598428,1.2979964941666084
606,OnePlus 9,Android,425,6.0,1928,72,1150,53,Female,4,1,1.228033847376882,1.2014231737937893
607,OnePlus 9,Android,580,10.4,2496,81,2441,37,Female,5,3,3.6140525005021353,-0.13095241218578726
608,Xiaomi Mi 11,Android,203,4.0,1323,56,787,21,Male,3,0,-0.4839884128449971,-1.4573518577631621
609,Xiaomi Mi 11,Android,258,4.9,1596,56,937,40,Female,3,1,0.0451495245939109,0.12372712881583545
610,iPhone 12,iOS,551,8.5,2927,92,1901,51,Male,5,3,3.3120260101305576,1.0245282059957823
611,iPhone 12,iOS,507,9.6,2606,95,1543,48,Male,5,3,2.9861167665207806,0.7843559411732715
612,Xiaomi Mi 11,Android,57,1.3,489,16,131,37,Male,1,0,-2.8208600399178634,-0.11500025012885821
613,Xiaomi Mi 11,Android,553,10.2,2911,82,2441,44,Male,5,3,3.7622403984887174,0.44659990728644033
614,Google Pixel 5,Android,49,1.1,395,16,153,46,Female,1,2,-2.904145047301347,0.6350782483201352
615,Samsung Galaxy S21,Android,106,4.0,1158,23,493,18,Male,2,0,-1.5741324490043576,-1.698951041861768
616,Google Pixel 5,Android,119,3.7,608,36,461,52,Male,2,2,-1.6829095359705295,1.1371388440529469
617,OnePlus 9,Android,288,5.4,1476,49,767,36,Female,3,1,-0.10706979928703327,-0.20510942056967965
618,Google Pixel 5,Android,225,5.6,1388,55,965,36,Female,3,1,-0.04860607131592095,-0.2039185139012806
619,OnePlus 9,Android,342,7.0,1826,71,1077,26,Female,4,1,1.0332697999313392,-1.0410239211929815
620,Samsung Galaxy S21,Android,292,4.2,1407,54,867,59,Male,3,1,-0.15106619693303386,1.7060951683384518
621,iPhone 12,iOS,218,5.0,1475,46,972,59,Female,3,1,-0.24508531145397366,1.709653934724129
622,Google Pixel 5,Android,64,1.8,351,15,274,56,Male,1,2,-2.7182746513526905,1.4704586612201649
623,Xiaomi Mi 11,Android,453,7.4,2363,65,1046,41,Female,4,1,1.5495698072650232,0.20249209041193775
624,OnePlus 9,Android,42,1.8,417,15,284,21,Male,1,0,-2.7402101746532734,-1.4453299674477262
625,Samsung Galaxy S21,Android,36,1.5,310,15,272,45,Male,1,2,-2.8597288309673434,0.5540567798105456
626,OnePlus 9,Android,55,1.8,328,12,196,31,Female,1,0,-2.864306721469283,-0.6107970171162249
627,iPhone 12,iOS,210,5.0,1614,53,679,55,Female,3,1,-0.276870621970228,1.3753788262509608
628,iPhone 12,iOS,227,5.2,1446,46,920,59,Male,3,1,-0.2450418171408386,1.710823188728642
629,Xiaomi Mi 11,Android,47,1.2,437,18,234,55,Male,1,2,-2.779802435125826,1.384030128948319
630,iPhone 12,iOS,461,6.3,1988,62,1004,21,Male,4,1,1.1197157534805013,-1.4623903936763423
631,Google Pixel 5,Android,94,3.1,1078,38,489,25,Male,2,0,-1.5308023893148364,-1.1196472973342315
632,Samsung Galaxy S21,Android,216,5.1,1483,54,977,45,Female,3,1,-0.09824696749219688,0.5429412856807015
633,iPhone 12,iOS,496,10.2,2587,84,1921,56,Female,5,3,3.1163576682690692,1.4528644888060944
634,OnePlus 9,Android,138,3.2,1142,31,366,29,Female,2,0,-1.5704088229055808,-0.7862258436217118
635,iPhone 12,iOS,318,6.6,2055,67,1253,43,Male,4,1,1.099445080719897,0.37075869744561396
636,Samsung Galaxy S21,Android,96,3.4,1198,39,401,48,Female,2,2,-1.4545371500795576,0.7959535390328838
637,OnePlus 9,Android,510,10.7,2433,90,1729,47,Male,5,3,3.104818307839033,0.7068657908071081
638,Xiaomi Mi 11,Android,83,1.1,546,10,289,32,Female,1,0,-2.7446036378362417,-0.5332648063478135
639,Google Pixel 5,Android,417,6.2,2074,63,1135,35,Female,4,1,1.1518923439420907,-0.29773518053770787
640,Google Pixel 5,Android,538,9.8,2778,91,2080,35,Female,5,3,3.490259175949263,-0.30210880635264387
641,Samsung Galaxy S21,Android,63,1.8,321,11,271,42,Male,1,2,-2.809613280625736,0.30518883604486013
642,OnePlus 9,Android,50,1.4,443,16,255,26,Female,1,0,-2.7661608835154277,-1.0307295695266963
643,Google Pixel 5,Android,502,8.2,2597,90,1553,27,Male,5,3,2.682498008987912,-0.9691745694055857
644,OnePlus 9,Android,105,3.3,723,35,566,46,Male,2,2,-1.659186172800086,0.6343971338830274
645,Google Pixel 5,Android,186,4.8,1494,53,949,20,Female,3,1,-0.25466746514275085,-1.539946912279111
646,Xiaomi Mi 11,Android,174,2.9,1197,23,345,20,Female,2,0,-1.6429276120017056,-1.5371612805613217
647,Samsung Galaxy S21,Android,89,1.3,314,16,201,58,Female,1,2,-2.7815247919315462,1.6355291793494184
648,iPhone 12,iOS,66,1.5,565,17,283,42,Female,1,2,-2.603927528318181,0.30037867663843715
649,iPhone 12,iOS,389,6.3,2294,76,1334,53,Male,4,1,1.5751341549361013,1.1973450546443112
650,Xiaomi Mi 11,Android,186,5.4,1627,58,790,31,Female,3,1,-0.1184060184242797,-0.6230457761217462
651,Google Pixel 5,Android,149,2.0,1041,39,356,49,Male,2,2,-1.6412951284236026,0.8755262546984923
652,iPhone 12,iOS,69,1.7,519,10,167,51,Female,1,2,-2.786916550326717,1.052521586260297
653,Xiaomi Mi 11,Android,206,5.2,1632,47,694,30,Male,3,1,-0.34408769405025136,-0.7057884189786208
654,Samsung Galaxy S21,Android,49,1.2,365,19,144,29,Male,1,0,-2.866786336574862,-0.7804690961248553
655,Google Pixel 5,Android,594,10.5,2839,91,1647,56,Male,5,3,3.473051621623226,1.4498776823042792
656,Google Pixel 5,Android,104,3.7,1028,29,493,39,Male,2,2,-1.5886997666342757,0.05006709030691995
657,Google Pixel 5,Android,262,5.6,1489,59,628,54,Female,3,1,-0.06178896613456934,1.2945913287443052
658,Xiaomi Mi 11,Android,278,5.3,1368,56,894,40,Female,3,1,-0.0005097573155140264,0.12784662913386996
659,Xiaomi Mi 11,Android,463,6.8,2358,68,1236,43,Female,4,1,1.6668598078326922,0.3656866495003459
660,Xiaomi Mi 11,Android,505,9.6,2464,91,2375,35,Male,5,3,3.410003114320894,-0.29979435898102635
661,Google Pixel 5,Android,50,1.5,387,12,146,59,Male,1,2,-2.915664988669082,1.7198890027762392
662,Xiaomi Mi 11,Android,138,3.1,947,29,545,48,Male,2,2,-1.5959658588672092,0.7978127945976703
663,Xiaomi Mi 11,Android,130,3.2,1189,37,448,45,Male,2,2,-1.4039790441524405,0.5449953345434163
664,Google Pixel 5,Android,469,6.4,1858,78,1297,55,Female,4,1,1.561847691978469,1.36839401221657
665,Xiaomi Mi 11,Android,555,10.3,2568,83,2003,52,Male,5,3,3.3091856658748657,1.1192044719640182
666,iPhone 12,iOS,198,5.4,1544,53,635,53,Male,3,1,-0.3183158738770006,1.2114504320796688
667,Samsung Galaxy S21,Android,529,11.4,2891,82,1845,46,Male,5,3,3.4528346075819956,0.6206486721626776
668,Samsung Galaxy S21,Android,205,5.5,1699,49,729,36,Male,3,1,-0.20703614119404468,-0.20611494619861684
669,iPhone 12,iOS,170,2.4,1039,38,334,23,Male,2,0,-1.5696218466367475,-1.2887175708441092
670,Samsung Galaxy S21,Android,160,3.2,648,31,339,27,Female,2,0,-1.8044427353479604,-0.9469991044954993
671,iPhone 12,iOS,81,1.6,387,13,224,48,Male,1,2,-2.754717080892641,0.8031427244736894
672,Google Pixel 5,Android,468,7.3,1937,64,1209,22,Male,4,1,1.4310184816911542,-1.376050384527763
673,Xiaomi Mi 11,Android,500,11.2,2925,84,2438,27,Male,5,3,3.8081415592128227,-0.965384993079488
674,Google Pixel 5,Android,37,1.6,490,18,216,52,Male,1,2,-2.731059680947551,1.135172609419685
675,Xiaomi Mi 11,Android,522,11.4,2776,93,1768,27,Female,5,3,3.4968354984598826,-0.9613046641352919
676,Xiaomi Mi 11,Android,81,1.5,545,17,159,40,Male,1,2,-2.663355987663296,0.1343491276304677
677,OnePlus 9,Android,141,3.8,689,38,576,34,Male,2,0,-1.4599650284790457,-0.3637836747772873
678,Samsung Galaxy S21,Android,115,3.5,706,26,495,52,Female,2,2,-1.8114491779185926,1.136237037983105
679,Google Pixel 5,Android,298,4.6,1525,59,814,36,Female,3,1,0.02750347631223463,-0.2100451611455759
680,iPhone 12,iOS,33,1.8,334,16,113,36,Female,1,0,-2.9063943660886244,-0.19417851137610045
681,Google Pixel 5,Android,307,6.1,2105,76,1111,25,Female,4,1,1.0726692998020686,-1.1311649457292074
682,Xiaomi Mi 11,Android,380,7.6,2354,77,1191,30,Male,4,1,1.6861916402708117,-0.7137951399872746
683,Xiaomi Mi 11,Android,190,5.5,1718,58,815,42,Male,3,1,-0.023609751831047895,0.292268758641793
684,Samsung Galaxy S21,Android,75,1.6,325,12,225,45,Male,1,2,-2.8206244455171943,0.5542097307707474
685,Google Pixel 5,Android,218,4.0,1221,47,822,25,Male,3,0,-0.6263449806606299,-1.1223094249066075
686,Xiaomi Mi 11,Android,412,6.6,1859,67,1393,18,Male,4,1,1.320748005385813,-1.7111197499999786
687,Google Pixel 5,Android,335,7.7,2037,68,1007,18,Male,4,1,1.1325781516580857,-1.7066752003790442
688,OnePlus 9,Android,387,6.3,2098,61,1178,54,Male,4,1,1.105135097742647,1.2853685047378403
689,Google Pixel 5,Android,261,4.9,1589,56,824,52,Female,3,1,-0.026239057396942062,1.1237667009663077
690,Samsung Galaxy S21,Android,541,9.5,2424,98,1550,32,Male,5,3,3.008584008670149,-0.5473256077402677
691,Google Pixel 5,Android,195,5.7,1447,48,679,30,Male,3,1,-0.3941158925088834,-0.701617081621175
692,iPhone 12,iOS,178,4.0,856,37,569,51,Female,2,2,-1.2625812968842045,1.0505012262348363
693,Xiaomi Mi 11,Android,378,6.7,1898,78,1455,48,Female,4,1,1.5045706463412152,0.7865686565423613
694,Xiaomi Mi 11,Android,505,8.6,2792,82,1709,31,Male,5,3,2.831240269286056,-0.6367527979885235
695,Samsung Galaxy S21,Android,564,9.7,2422,83,1985,34,Female,5,3,3.147299654474176,-0.38051665656683054
696,iPhone 12,iOS,92,3.9,1082,26,381,22,Male,2,0,-1.6924523035468744,-1.3648701562528507
697,Xiaomi Mi 11,Android,316,6.8,1965,68,1201,59,Male,4,1,1.0590881203639726,1.7054060845796057
698,Google Pixel 5,Android,99,3.1,942,22,457,50,Female,2,2,-1.8745422383016825,0.9661622266140428
699,Samsung Galaxy S21,Android,62,1.7,431,13,224,44,Male,1,2,-2.7652448636588165,0.4700681144796451
700,OnePlus 9,Android,212,5.4,1306,49,828,23,Female,3,1,-0.3539181824183574,-1.2850245266980085
